"id","candidato_id","sector","precision","viabilidad","coherencia","subtitulo","resumen"
"rs-001","cepeda","Seguridad","Media-baja","Media-baja","Media","Continuidad de una política fallida sin autocrítica","El candidato del Pacto Histórico, que fue el arquitecto de la Paz Total, centra su propuesta en la “seguridad humana”, que significa atacar las causas de la violencia como la desigualdad, la pobreza y la exclusión con diferentes programas sociales. 
Cepeda busca reenfocar la política de drogas y crear un “acuerdo nacional” —que puede terminar en una Constituyente— que incluiría la implementación del Acuerdo de Paz con las FARC y mantener las negociaciones con grupos armados que siguen activas. Es decir, le apunta a continuar con la Paz Total, pero con ajustes. Por ahora, esos ajustes se limitan a dos condiciones: primero, mientras estén sentados con el gobierno, los grupos armados no pueden atacar a la población civil; segundo, no pueden supeditar los avances en la negociación a que se resuelvan los problemas estructurales del país. 
Los ajustes a la Paz Total que propone son insuficientes. En primer lugar, porque es una política fallida sin una estrategia de control efectivo de los grupos armados ilegales en expansión que se han fortalecido al punto de sumar veintisiete mil combatientes ―casi el doble que al inicio del gobierno Petro― y trece zonas del país en disputa armada. Es una política que ha subestimado la capacidad armada y financiera de los grupos, así como su interés en mantener la gobernanza criminal en los territorios y su participación en las economías ilegales. 
En segundo lugar, estos ajustes son insuficientes porque el candidato busca mantener las mesas de negociación que siguen activas, incluso cuando en ellas hay disidentes del Acuerdo de Paz de 2016 con las FARC. Por ejemplo, el jefe negociador de la Coordinadora Nacional Ejército Bolivariano es un disidente del Acuerdo, y la Constitución prohíbe la aplicación de instrumentos de justicia transicional a miembros de grupos al márgen de la ley que, una vez desmovilizados, continúan delinquiendo. "
"rs-002","espriella","Seguridad","Media","Media-baja","Media","Seguridad con riesgos de autoritarismo","De la Espriella promete acabar con la Paz Total y, en lugar de seguir con las negociaciones, recuperar los territorios que están bajo el control de los grupos armados reforzando la presencia militar.
Su política de seguridad incluye, entre otros puntos, bombardear campamentos, fumigar con bioherbicidas y sacar noventa decretos de emergencia en noventa días como la fórmula para una recuperación rápida del orden público. También quiere eliminar la Jurisdicción Especial para la Paz (JEP), promover un referendo para que en Colombia haya cadena perpetua para violadores y abusadores de niños y niñas y construir megacárceles al estilo de las de Nayib Bukele en El Salvador. 
Bombardear campamentos es una propuesta que debe hacerse respetando el principio de distinción entre civiles y combatientes que estipula el Derecho Internacional Humanitario. Fumigar con bioherbicidas es una iniciativa que puede ser de difícil ejecución porque la Corte Constitucional delimitó el uso de glifosato con medidas estrictas, que incluyen evaluar los riesgos a la salud y al medio ambiente en un proceso participativo y técnico, y pasar por consulta previa cuando la fumigación afecte a comunidades étnicas afro e indígenas. Adicionalmente, sacar noventa decretos en noventa días puede chocar con la Constitución, porque el estado de emergencia es un mecanismo extraordinario que solo procede ante hechos graves, imprevistos e inminentes que no puedan ser atendidos con los mecanismos ordinarios del Estado. 
Por otro lado, la JEP fue creada en 2017 y hace parte de la Constitución. El presidente no puede, simplemente, decidir eliminar a una institución creada por el Congreso y que hace parte de la Rama Judicial. Esto requeriría una reforma constitucional que dejaría en el limbo a más de 12 mil comparecientes, entre exguerrilleros y miembros de la Fuerza Pública, que se sometieron a esta jurisdicción bajo la expectativa de un marco de justicia transicional estable.
El artículo 34 de la Constitución de 1991 prohíbe la cadena perpetua. De hecho, la Corte Constitucional declaró inexequible en 2020 un acto legislativo que buscaba que Colombia tuviera cadena perpetua para violadores. La propuesta de De la Espriella, además, va en contra de dos tratados internacionales que exigen que las penas tengan finalidad resocializadora: el Pacto Internacional de Derechos Civiles y Políticos y la Convención Americana sobre Derechos Humanos.
Por último, aunque el país sí necesita una política que le haga frente a la crisis carcelaria y aumente el número de cupos en las cárceles, el populismo punitivo “a la Bukele” no es la solución. Primero, porque, como en El Salvador, podría agravarse el hacinamiento y vulnerarse principios básicos de nuestra Constitución y del Estado de Derecho como el debido proceso —que dice que toda persona debe ser capturada con orden judicial, tener derecho a defensa y a un juicio—, el habeas corpus —que existe para evitar detenciones arbitrarias— y la presunción de inocencia. Segundo, porque el modelo carcelario de Bukele se ha caracterizado por la violación masiva de derechos humanos, como lo muestran informes de organizaciones locales e internacionales como Amnistía Internacional, Human Rights Watch y la Comisión Interamericana de Derechos Humanos."
"rs-003","valencia","Seguridad","Media-alta","Media-baja","Media-alta","Seguridad Democrática 3.0","La candidata Paloma Valencia propone acabar con la Paz Total y militarizar regiones críticas, reanudar la fumigación aérea en zonas con cultivos industriales de hoja de coca y volver a la erradicación forzada. Su apuesta de “Seguridad Democrática” incluye aumentar el gasto en seguridad y defensa en cerca de veinte billones de pesos para que el sector Defensa dé un “salto tecnológico” y tenga más capacidades para combatir el crimen y recuperar los territorios tomados por los armados. Para eso propone el Plan 30-30, que consiste en que haya treinta mil policías y treinta mil soldados nuevos que fortalezcan el pie de fuerza. 
Su apuesta de volver a la erradicación forzosa puede generar conflictos con comunidades y organizaciones cocaleras en las regiones que llevan años pidiendo que la sustitución sea voluntaria. Además, fumigar con bioherbicidas es una iniciativa que puede ser de difícil ejecución porque la Corte Constitucional delimitó el uso de glifosato con medidas estrictas, que incluyen evaluar los riesgos a la salud y al medio ambiente en un proceso participativo y técnico y pasar por consulta previa cuando la fumigación afecte a comunidades étnicas afro e indígenas.
Su propuesta no habla sobre las nuevas dinámicas de la violencia organizada, con grupos armados mucho más fragmentados y con alianzas con grupos transnacionales que representan una amenaza distinta de las de grupos como las antiguas FARC, que tenían una jerarquía más definida y más cohesión interna. 
Por último, la propuesta de aumentar el pie de fuerza con treinta mil soldados y treinta mil policías nuevos no aclara de dónde saldrán los recursos para el gasto de largo plazo en nómina, pensiones y prestaciones de la fuerza pública."
"rs-004","fajardo","Seguridad","Alta","Media","Alta","Seguridad territorial, pero con poco aterrizaje","El candidato propone un “Plan Guardián” en el que habla de desmontar el modelo de negociación de la Paz Total, pero sin cerrar la puerta al diálogo con “condiciones claras”. Quiere presentar un nuevo proyecto de ley de sometimiento para los grupos armados ilegales y propone recuperar el control de las regiones en las que estos tienen injerencia fortaleciendo la fuerza pública, entre otras formas, con mejor inteligencia y mayor coordinación institucional. Al tiempo propone implementar el Acuerdo de Paz con las Farc y atacar el ecosistema de economías criminales más allá del narcotráfico, como la minería ilegal o la deforestación, y blindar las fronteras contra el crimen organizado transnacional.
Aunque es importante fortalecer la inteligencia y la coordinación institucional, en la propuesta de Fajardo no está claro cómo pretende lograrlo. Tampoco define concretamente qué va a hacer en las zonas de disputa en las que dos actores armados combaten. En estas zonas las intervenciones pueden generar mayor violencia, según la Fundación Ideas para la Paz. Además, propone unos planes de desarrollo integral en Catatumbo, Cauca, Chocó, Guaviare y otras regiones con presencia de grupos armados, pero no es claro por qué prioriza esas regiones sobre otras, también críticas, como Arauca, Casanare, Huila y Valle del Cauca, donde la Fundación para el Estado de Derecho ha impulsado acciones populares para exigir la implementación de estrategias integrales de seguridad y una coordinación efectiva entre autoridades nacionales y locales."
"rs-005","lopez","Seguridad","Alta","Media","Alta","Seguridad reformista con el tiempo en contra","Claudia López propone “poner la casa en orden” con diferentes reformas que incluyen fortalecer la fuerza pública, invertir en la modernización tecnológica y capacidad para que el Estado llegue a zonas donde operan los grupos y convertir las fronteras en polos de desarrollo económico para llenar el vacío de poder que aprovechan los armados. También habla de planes de choque, especialmente en el Pacífico y el suroccidente, para invertir en agua y en vías que les quiten oxígeno a las rentas del narcotráfico. López propone crear una “Fiscalía Antimafia” con un régimen de ""mínimas garantías y máximos controles"" para los grandes criminales.
Sus reformas pueden ser muy ambiciosas cuando la crisis de seguridad es acuciante. Además, su propuesta de crear una “Fiscalía Antimafia” puede contradecir el principio de igualdad ante la ley y las garantías del debido proceso, que son fundamentales en nuestro arreglo constitucional, porque estas garantías no dependen de la gravedad del delito. Reducirlas para “los grandes criminales” crearía un régimen de excepción incompatible con el Estado de derecho. López también propone una sanción drástica a la reincidencia y el uso de armas, pero Colombia ya tiene penas altas para delitos graves con armas. El cuello de botella es la impunidad: el 96% de las denuncias por extorsión en 2024 no tuvieron avance judicial. Aumentar las penas sin aumentar la probabilidad de condena no reduce el delito."
"rs-006","cepeda","Institucional","","","","Acuerdo Nacional con riesgo de Constituyente","La propuesta de Cepeda se articula alrededor de un 'Acuerdo Nacional' que busca reunir fuerzas políticas, sociales y económicas en una Mesa de Diálogo Nacional para definir reformas pendientes, modelo de paz y transformaciones territoriales. Entre los mecanismos de implementación de estos eventuales acuerdos está la Asamblea Nacional Constituyente, que representa el riesgo más serio para el Estado de Derecho: el texto del Comité Promotor presentado a la Registraduría plantea una constituyente abierta que podría sustituir por completo la Constitución de 1991. Aunque Cepeda la menciona como una opción entre varias, nunca la ha descartado explícitamente y, como sostiene el jurista Rodrigo Uprimny, es una iniciativa improvisada, innecesaria e inconveniente. Por otro lado, la propuesta de eliminar el Consejo Nacional Electoral es problemática porque no viene acompañada de una alternativa que cumpla sus funciones de vigilancia y control electoral.
En anticorrupción, el candidato propone la creación de la Unidad de Investigación de Macrocorrupción y el fortalecimiento de la Unidad de Información y Análisis Financiero (UIAF), una unidad especializada en macrocorrupción dentro de la Fiscalía con metodologías de macrocriminalidad, un fondo de reparación a víctimas de la corrupción alimentado con bienes expropiados, y un sistema de alertas tempranas que articula bases de datos y trazabilidad del gasto. El enfoque sistémico de investigación y lucha contra la corrupción es interesante pero no hay una secuencia u orden operativo para ponerlo a funcionar."
"rs-007","espriella","Institucional","","","","Riesgo de excepcionalidad y propuestas constitucionalmente inviables","La propuesta se organiza alrededor de un bloque anticorrupción que dirigiría directamente el Presidente con herramientas de inteligencia financiera, extinción de dominio, blockchain en contratación pública y persecución de flujos ilícitos. También propone una agenda de 'desregulación' o eliminación de trámites, trabas y cargas al sector empresarial, y reducción del tamaño del Estado con fusión de entidades y la política 'una entra y dos salen', que busca eliminar dos regulaciones por cada nueva regulación que entre. La propuesta es más una lista de enunciados que una propuesta de política pública. En justicia, propone la cadena perpetua para violadores de niños y la 'Ley Patriota', un régimen jurídico especial y transitorio para facilitar la captura y judicialización rápida, limitar beneficios en delitos de alto impacto y fortalecer la coordinación entre la Fiscalía, jueces y la Fuerza Pública.
Las medidas anticorrupción hechas directamente desde la Presidencia chocan con la autonomía de la Rama Judicial y de la Fiscalía sin proponer mecanismos de contrapeso claros. La cadena perpetua para violadores de niños requeriría una reforma constitucional y choca con los compromisos de Colombia ante la CIDH y el Pacto Internacional de Derechos Civiles. Además, la Corte Constitucional anuló el Acto Legislativo 01 de 2021, que imponía la cadena perpetua para violadores de niños, por considerar que no se ajustaba a la finalidad resocializadora de la pena y al respeto por la dignidad humana. El régimen especial y transitorio para el sistema judicial corre el riesgo de suspender garantías y vulnerar el debido proceso. Finalmente, la desregulación masiva puede generar vacíos de protección con consecuencias sociales y ambientales."
"rs-008","valencia","Institucional","","","","Reformas a la justicia con interrogantes sobre sus límites","Tiene un enfoque importante en reformas a la justicia: fiscales especializados por estructuras criminales, juzgados itinerantes, 50 nuevas casas de justicia, el modelo 'una familia un solo juez' para mujeres víctimas de violencia doméstica, que tendrían acompañamiento y un solo juez para toda la familia, uso de IA para reducir la congestión en la Rama Judicial, cárceles agropecuarias y protección al denunciante. Plantea regular la protesta social y castigar el vandalismo, y la creación de un 'marco diferencial' para el uso de la fuerza con seguridad jurídica para miembros de la Fuerza Pública. También plantea reducir el tamaño del Estado disminuyendo la cantidad de contratos por prestación de servicios y reducir al máximo el número de ministerios.
Algunas propuestas pueden ser un riesgo para el Estado de Derecho: la protesta social es un derecho fundamental protegido por la Constitución y la Convención Americana sobre Derechos Humanos, y el vandalismo ya está tipificado en el Código Penal. Este tipo de propuestas tienden a usarse contra movilización legítima, y los estándares internacionales advierten contra este tipo de legislación. El 'marco diferencial' para el uso de la fuerza necesita definirse más claramente. Como está planteado, aunque proponga seguridad jurídica, expondría al Estado y a miembros de la Fuerza Pública a responsabilidad penal internacional. Finalmente, la descentralización judicial que propone con los juzgados itinerantes no garantiza autonomía sino vulnerabilidad en territorios controlados por estructuras criminales."
"rs-009","fajardo","Institucional","","","","Plan anticorrupción y reforma a la justicia que exceden las competencias del Ejecutivo","Las propuestas combinan una Agencia Anticorrupción con tablero de transparencia, ley de lobby, y una Unidad de Congelamiento de Activos como medidas contra la corrupción. En la justicia, propone una jurisdicción digital interoperable con IA, un plan nacional de descongestión judicial, una reforma al sistema de selección del Fiscal General, Procurador, Contralor y magistrados, y el fortalecimiento estructural de la Fiscalía. Busca atacar la corrupción de forma preventiva, modernizar la justicia digitalmente y despolitizar los órganos de control.
Varias de estas propuestas exceden las competencias del Ejecutivo. La priorización de delitos, las unidades investigativas especializadas y la coordinación operativa entre Fiscalía, jueces y Policía son atribuciones de la Fiscalía, lo que limita la capacidad del Presidente para imponer estrategias o dirigir su organización y funcionamiento. La reforma al sistema de selección del Fiscal General, Procurador, Contralor y magistrados requeriría reforma constitucional. Por último, las funciones concretas de la Agencia Anticorrupción no están claramente definidas."
"rs-010","lopez","Institucional","","","","Reformas profundas difíciles de materializar","Es una propuesta muy ambiciosa en rediseño institucional del sistema de justicia. Propone un sistema de justicia en tres niveles: antimafia, ordinaria y restaurativa, con una lógica diferenciada según el tipo de actor y delito. Reconoce que no todos los problemas de seguridad y justicia requieren la misma respuesta. Propone también la creación de la Fiscalía Antimafia, la Gendarmería carcelaria en reemplazo del INPEC, la transformación de la Procuraduría y la creación de policías locales en las grandes ciudades.
La propuesta supera las competencias del Ejecutivo y los límites constitucionales. La Fiscalía Antimafia con 'mínimas garantías y máximos controles' contradice el principio de igualdad ante la ley y las garantías del debido proceso. La estructura interna de la Fiscalía es competencia exclusiva del Fiscal General, no del Ejecutivo. Una transición institucional simultánea en justicia y defensa implica desafíos de coordinación muy grandes que no tienen una hoja de ruta operativa clara en el programa."
"rs-011","cepeda","Tierras y Agro","Media-alta","Media","Alta","Profundización de la reforma agraria sin detalles ni ajustes necesarios","Su programa propone continuar y profundizar la reforma agraria de este gobierno repartiendo tierras fértiles hoy concentradas y subutilizadas, restituyendo las que fueron despojadas y acompañando la entrega de tierras con créditos, asistencia técnica, infraestructura y tecnología para lograr soberanía alimentaria. Plantea un programa nacional de bienes y servicios rurales que lleve agua potable, energía eléctrica y vías terciarias al campo, y una red de acopio, cuartos fríos y plantas de transformación administradas por organizaciones campesinas para que las ganancias de cultivar y comercializar los alimentos no se queden solo en las ciudades.
El eje de su propuesta es que los campesinos tengan más participación en el gobierno. Para eso, propone fortalecer el Sistema Nacional de Reforma Agraria. En este sistema están sentadas varias entidades y ministerios, y el candidato busca darles silla a asociaciones campesinas. Entre ellas, las que impulsan las zonas de reserva campesina, que buscan que los pequeños campesinos puedan hacer sus propios planes de desarrollo en esas zonas. Además, quiere impulsar una jurisdicción agraria que resuelva los conflictos de tierras. 
El programa de Cepeda hereda un desafío: promete profundizar una reforma agraria que hoy avanza más lento de lo anunciado. Según cifras del Ministerio de Agricultura, de las 3 millones de hectáreas que el gobierno Petro prometió incluir en el Fondo de Tierras para campesinos sin tierra, que es un punto del Acuerdo de Paz, logró adquirir 779.483. O sea, el 25% de la meta. De esas hectáreas, ha entregado 338.778 hectáreas y más de la mitad están en proceso de titulación. Además, su programa es ante todo narrativo y no aterriza en instrumentos verificables. Eso es un problema serio en un sector donde las brechas son cuantitativas. 
La entrega de tierras, por su parte, se ha chocado con cuellos de botella en la Agencia Nacional de Tierras, denuncias de compras de tierras con sobrecostos multimillonarios, beneficiarios exigiendo títulos y con problemas de coordinación con la Unidad de Restitución de Tierras, que fue creada para devolverles tierra a campesinos despojados de ellas por el conflicto. Para solventar estos obstáculos, Cepeda debe resolver los problemas que aún persisten. 
La reforma agraria de este gobierno, que Cepeda propone profundizar, tiene figuras que afectan la propiedad privada y la competitividad. Como el Decreto 033 de 2025 que mezcló las reglas para que el Estado compre tierras rurales y que hoy permite que la Agencia Nacional de Tierras le pida a un juez expropiar por vía judicial predios en municipios priorizados por la reforma si el dueño del predio no responde a la oferta del Estado en diez días. Es decir, por este decreto un propietario puede perder su tierra solo por quedarse callado: una clara vulneración a los derechos fundamentales al debido proceso y a la propiedad privada. 
Además, aunque la jurisdicción agraria fue creada por un acto legislativo en 2023, todavía falta aprobar una ley en el Congreso que defina las reglas sobre las competencias y facultades de los jueces agrarios. La Corte Constitucional ya le ordenó al Consejo Superior de la Judicatura poner en funcionamiento estos juzgados y tribunales agrarios a partir de 2027, pero mientras eso pasa, no se puede sustituir al juez que hoy resuelve los conflictos de tierras por una jurisdicción que todavía no está definida por la ley, ni por entidades administrativas.
Un desafío fundamental de la política que propone Cepeda es pasar de una dinámica de justicia histórica y de reparación a una que proponga soluciones a la despoblación, envejecimiento, falta de tecnología y de acceso a mercados globales en el campo colombiano."
"rs-012","espriella","Tierras y Agro","Media-baja","Baja","Media","Acelerar la titulación sin medidas claras en el cómo y fortalecer la propiedad privada con riesgos de conflictividad social ","El candidato quiere acabar la política agraria de este gobierno y parte del diagnóstico de que el principal freno al desarrollo rural es la falta de títulos de propiedad. Su propuesta central es apostarle a una titulación masiva para legalizar los predios rurales que hoy están en la informalidad y “volver propietario al campesino” con más seguridad usando a la Fuerza Pública en veredas y corregimientos. En el frente productivo, plantea transformar la agricultura de subsistencia en una industria rentable y de exportación. Propone delimitar la política de agricultura campesina y familiar de la política de la agroindustria y exportaciones, expandiendo la frontera productiva con 1,5 millones de hectáreas nuevas, especialmente en la altillanura. El candidato también habla de hacer una escuela de emprendedores rurales para formar a 100 mil jóvenes en prácticas modernas, con apoyos de crédito, asociatividad y tecnología. También propone bajar los precios de los fertilizantes e invertir en distritos de riego y vías terciarias para que lo producido en el campo pueda salir a tiempo a los mercados.
Aunque el problema de informalidad es real, avanzar en pocos años sobre más de la mitad de los predios informales exigiría duplicar la capacidad institucional de la Agencia Nacional de Tierras y acelerar un catastro multipropósito que, en ocho años, apenas ha cubierto una fracción del territorio. Sin un rediseño operativo serio, esa meta parece inviable. Además, plantear una legalización acelerada sin un diagnóstico detallado de cada predio puede chocar con garantías constitucionales de propiedad y convertirse en una medida difícil de sostener jurídicamente. Por otro lado, usar a la fuerza pública para proteger la propiedad privada, sin mediaciones previas, puede volverse una política criminal de persecución y represión que, aunque es legal si sigue el debido proceso y la proporcionalidad en el uso de la fuerza, puede aumentar la conflictividad social y la violencia, teniendo en cuenta la crisis de seguridad en los territorios. 
Su apuesta por intervenir los precios de fertilizantes es importante en un contexto global de guerras que los ha vuelto más costosos. Pero sin una estrategia clara de focalización y de producción nacional, puede parecerse a experiencias pasadas en las que los subsidios terminaron capturados por intermediarios sin aliviar de fondo los costos del pequeño productor.
Por último, su propuesta de expandir la frontera productiva en más de un millón de hectáreas en la altillanura, plantea riesgos no resueltos en materia de restitución de tierras y se puede traslapar con resguardos y comunidades étnicas."
"rs-013","valencia","Tierras y Agro","Media","Media-baja","Media-baja","Formalización con riesgos de traslape y aumento de hectáreas productivas con una frontera agrícola ya tensionada","La candidata propone crear líneas de crédito “sin trámites”, entregar tierra con proyectos productivos ya avanzados y con acceso a maquinaria y tecnología. También se pone la meta de formalizar 1 millón de hectareas, otro millón de nuevas hectáreas para cultivo y agroindustria ubicadas en zonas francas y otro millón de hectáreas restauradas. Dice que quiere actualizar el 60% del territorio en gestión predial antes de hacer el catastro multipropósito, que es el gran directorio de tierras del país para saber quiénes son sus dueños, cuántos viven ahí, y cuánto pagan por la tierra, entre otros datos. La idea es combinar una propuesta de seguridad jurídica sobre la tierra con paquetes productivos completos que conviertan al campesino en productor con ingresos y capacidad de inversión.
Su idea de entregar crédito “sin trámites” responde a una demanda real de financiamiento para pequeños productores, pero reproduce un modelo que ha mostrado que atar el crédito a ciertos proveedores genera dependencia y que los comercializadores de los productos se queden con la mayor parte de las ganancias, cuando ya existen líneas de crédito en el Banco Agrario y Finagro que simplifican trámites sin ese amarre. Además, la propuesta de sumar un millón de hectáreas nuevas para cultivo y agroindustria en zonas francas ignora que la frontera agrícola ya está tensionada entre suelos aptos, ganadería extensiva, áreas protegidas, resguardos y baldíos en conflicto. Al no hacer una distinción entre una reconversión ganadera y una expansión sobre bosques, puede chocar con los compromisos adquiridos de cero deforestación y repetir experiencias de zonas francas agroindustriales y Zonas de Interés de Desarrollo Rural, Económico y Social, ZIDRES, donde se concentró la propiedad y la inclusión de pequeños productores fue escasa. Finalmente, el compromiso de tener un 60% del territorio actualizado en gestión predial antes de que el catastro multipropósito lo haga puede crear un instrumento paralelo al propio catastro multipropósito que duplicaría esfuerzos, descoordinaría la información territorial y podría ir en contra del objetivo de que la información sobre la tierra y sus dueños esté unificada."
"rs-014","fajardo","Tierras y Agro","Media","Media","Alta","Formalización y transformación agroalimentaria con apuestas difíciles de cumplir y el tiempo en contra","Sergio Fajardo propone que cada proceso de formalización o adjudicación de tierras venga acompañado de un proyecto productivo financiado con asistencia técnica permanente y un acceso a créditos, infraestructura y mercados. Quiere un catastro multipropósito con trámites más simples y tiempos más cortos para dar seguridad jurídica a millones de predios. También le apuesta a una Política de Desarrollo Productivo Agropecuario para pasar de un agro extensivo y poco productivo a uno tecnificado y competitivo, con investigación, formación técnica y crédito de mediano plazo. Se pone la meta de que la mitad de los pequeños y medianos productores hagan parte de procesos de transformación agroalimentaria, es decir, que reciban asistencia técnica, estén formalmente asociados, entre otras. El candidato quiere crear un Programa Nacional de Exportación Agroindustrial para diversificar la canasta de lo que exportamos, subir el precio de los productos agropecuarios que producimos y posicionar al campo colombiano como un proveedor competitivo y confiable en mercados internacionales.  
La meta de llevar a la mitad de pequeños y medianos productores a procesos de transformación agroalimentaria en cuatro años es muy ambiciosa teniendo en cuenta que hoy apenas 12% recibe asistencia técnica y menos del 4% está formalmente asociado. Sin un rediseño operativo de las entidades clave para cumplir su meta y un presupuesto explícito, Fajardo corre el riesgo de quedarse en el discurso. La propuesta del Programa Nacional de Exportación Agroindustrial tiene un vacío importante: no tiene una estrategia explícita de seguridad alimentaria en un país que importa la mayor parte de sus granos básicos, como maíz, soya o trigo, y donde la seguridad alimentaria golpea sobre todo a los hogares rurales. El énfasis exportador puede profundizar la paradoja de una región que exporta alimentos mientras millones de personas siguen con hambre."
"rs-015","lopez","Tierras y Agro","Media-baja","Media-baja","Media-alta","Formalización y catastro con dudas sobre origen de los predios y priorización regional","Claudia López propone formalizar masivamente predios y actualizar el catastro multipropósito, sobre todo en los Llanos y la Orinoquía, para garantizar seguridad jurídica. También le apuesta a modelos asociativos productivos donde campesinos y dueños de la tierra se conviertan en socios de proyectos agroindustriales y participen directamente en las utilidades, en lugar de ser sólo proveedores de materia prima. López parte de la premisa de que el campo se gobierna mal porque las decisiones se toman lejos, y por eso propone fortalecer, desde la institucionalidad, las capacidades técnicas y fiscales de los municipios rurales para que puedan liderar su propio desarrollo, con recursos para bienes públicos como vías terciarias, sistemas de riego e infraestructura logística. 
Formalizar masivamente predios en la Orinoquía trae riesgos teniendo en cuenta que en esa región las grandes extensiones de tierra tienen origen irregular porque eran baldíos que están por encima del mínimo de tierra que un campesino necesita para cultivar. Formalizarlas sin revisar ese pasado terminaría legalizando concentraciones de tierras que pueden resultar cuestionadas ante los jueces. La propuesta de que los campesinos sean “socios” de proyectos agroindustriales en los Llanos y la Orinoquía está alineada con el consenso que hay sobre la importancia de las alianzas productivas. Pero, para que haya una verdadera sociedad, los contratos tienen que incluir que los campesinos y los dueños de la tierra tengan acciones y voz en los proyectos agroindustriales. El énfasis en estas regiones deja sin una explicación explícita qué quiere hacer en otras regiones agropecuarias clave, como la Andina, el Caribe o el Pacífico."
"rs-016","cepeda","Energía","Media-baja","Baja","Media-baja","Transición energética sin garantías para tiempos de sequía","Iván Cepeda propone profundizar la transición energética, pero sin dejar de lado la soberanía, es decir, sin que tengamos que comprarles a otros países la luz y el gas. Quiere acelerar el desarrollo de la energía solar y eólica, y cumplir la meta de bajar para 2030 un 51% las emisiones de gases de efecto invernadero. Dice que llevará energía eléctrica a todos los municipios del país, priorizando fuentes alternativas. Además, quiere cerrarles definitivamente la puerta al fracking y al carbón y seguir en la misma línea restrictiva para nuevos contratos de exploración y producción de hidrocarburos.
El candidato no tiene una propuesta clara para enfrentar la crisis del sector. No explica cómo su apuesta por una transición energética acelerada garantizará que tengamos energía, que la industria tenga suficiente gas y que haya un respaldo con otras fuentes, como el carbón, para tiempos de sequías. 
Tampoco deja claro si, además de prohibir el fracking, les está cerrando también la puerta a nuevos contratos de exploración de petróleo y gas, como hizo el Gobierno Petro. Esta decisión amenaza nuestros derechos colectivos porque ha llevado al país a un riesgo de desabastecimiento en el que podemos terminar dependiendo de comprarles más petróleo y gas a otros países, y pagando más caro servicios públicos esenciales. Frente a la crisis energética actual, el país necesita poner en marcha nuevos proyectos que cumplan altos estándares tecnológicos y sean responsables social y ambientalmente. Por último, en su idea de llevar energía a todos los municipios del país no está claro cuál sería el rol de las empresas del sector, qué tipo de redes se van a construir y cómo va a financiar su plan energético."
"rs-017","espriella","Energía","Media","Media-baja","Media","Seguridad energética sin transición clara a energías limpias","De la Espriella quiere reactivar con fuerza la explotación de hidrocarburos y recursos minerales en el país. Eso incluye firmar nuevos contratos de exploración y explotación de petróleo y gas para asegurar la autosuficiencia a largo plazo, fortalecer Ecopetrol y hacer fracking con una regulación técnica y estricta. Propone un plan de choque que acelere la explotación de gas, garantice a las empresas e inversionistas del sector que las reglas del juego no cambien e incluya energías renovables, como la solar y la eólica, siempre que no pongan en riesgo la estabilidad del sistema eléctrico. También quiere revisar cómo se calculan las tarifas de luz en el Caribe.
Aunque su plan es claro para garantizar la seguridad energética con la explotación de hidrocarburos y minería, atraer inversión no es sencillo ni rápido. Menos cuando este sector se está reactivando en Venezuela, un país que le gana en reservas y en el que Estados Unidos abrió las puertas de par en par para la inversión. Además, De la Espriella no dice cuál sería la hoja de ruta concreta para la transición energética, que también es necesaria, ni para que las energías renovables crezcan sin sacrificar la estabilidad del sistema. 
Por último, en su propuesta de bajar las tarifas en la costa Caribe no explica quién pagará la cuenta, qué parte del cobro refleja realmente las pérdidas de energía, qué parte responde al costo de modernizar las redes ni cuánto corresponde al pago de deudas acumuladas del sistema. Sin estas respuestas, la promesa de reducción de tarifas corre el riesgo de crear expectativas difíciles de cumplir."
"rs-018","valencia","Energía","Media","Media-baja","Media","Reactivación intensiva de explotación de hidrocarburos","Paloma Valencia propone reactivar con fuerza la explotación de carbón, petróleo y gas e impulsar al fracking. Su plan incluye llevar la producción de petróleo a un millón de barriles diarios y fortalecer el gobierno corporativo de Ecopetrol. Además, propone un plan de choque para acelerar los proyectos de generación de energía, y también impulsar nuevos proyectos de energías alternativas como la eólica, la solar y la biomasa, a través del “licenciamiento exprés”, un mecanismo de decisión rápida que les haga seguimiento a las licencias ambientales, los predios que se necesitan para cada proyecto y las consultas previas, sobre las que dice que no deben ser un veto, sino un mecanismo para consultar a las comunidades étnicas sobre los impactos y los beneficios, con lo que las volvería socias de los proyectos. En minería, Valencia propone que el Banco de la República compre oro a pequeños mineros que se organicen en empresas productoras con la ayuda de empresas públicas y privadas. 
Impulsar nuevos proyectos de generación de energía con una fórmula de “licenciamiento exprés” para avanzar en el trámite tiene riesgos. La consulta previa es un derecho fundamental de las comunidades étnicas reconocido por la Constitución, y la candidata no aclara cómo evitará que se creen más tensiones con las comunidades si no hay mecanismos de participación reales. 
Un gran hueco de su programa es que no dice nada sobre la crisis de energía en el Caribe, que ya lleva tres décadas, donde la gente es la que paga la peor factura por los intentos fallidos de estabilizar el servicio. La candidata solo ha dicho que se pagarán todas las deudas con las empresas sin explicar cómo ni de dónde sacará la plata.
Finalmente, en minería, su idea de que el Banco de la República compre oro a pequeños productores requeriría cambios legales de fondo y convertiría al banco central en un actor directo de la cadena minera, algo que hoy no está previsto y que genera varias dudas técnicas y jurídicas."
"rs-019","fajardo","Energía","Media-alta","Media","Media-alta","Nuevas fuentes de energía con el tiempo en contra","Fajardo propone encontrar nuevas fuentes de gas natural en el mar y retomar la exploración en tierra, construir una nueva regasificadora en La Guajira y hacer pilotos de fracking con evaluaciones técnicas y ambientales estrictas. También propone mejorar la gobernabilidad en Ecopetrol y que la empresa busque nuevos proyectos rentables para recuperar su valor y sus reservas. Propone producir más energía al año, la mayoría con fuentes como la eólica y la solar, y destrabar proyectos retrasados, sobre todo en La Guajira. También quiere simplificar el paso a paso regulatorio y ambiental para poner en marcha proyectos estratégicos que tengan a las comunidades como socias y beneficiarias. Además, propone incentivar la competencia para bajar las tarifas de luz que pagan las personas entre el 10% y 15% para 2030. Para el Caribe, propone reemplazar al operador Air-e por uno que tenga músculo financiero e invertir en infraestructura eléctrica para que se pierda menos luz, y así bajar a la mitad el tiempo sin energía en las casas de esta región. 
Encontrar nuevas fuentes de gas no es una solución rápida para un país en riesgo de desabastecimiento. Desde el momento en que se empieza a explorar hasta cuando se ponen los gasoductos pueden pasar de siete a once años. Lo mismo pasa con su propuesta de bajar las tarifas de energía entre el 10 y el 15%, para fomentar la competencia. Es una solución más a largo plazo que no resuelve la urgencia de la crisis energética. Implica el desarrollo de nuevos proyectos de generación de energía que tendrían que comenzar a tiempo, en un contexto con varios proyectos represados.  
Por último, en su solución para el Caribe no es claro si propone un modelo de concesión, en el que el Estado deja que una empresa privada financie, construya y mantenga la infraestructura, para asumir la operación de Air-E. Tampoco identifica quién pagará la deuda de ese operador."
"rs-020","lopez","Energía","Media-baja","Media-baja","Media","Más exploración y producción de hidrocarburos, pero sin detalles","López reconoce la necesidad de volver a la exploración de petróleo y gas para evitar la crisis de desabastecimiento. Propone hacer pilotos de fracking con base en evidencia científica y licenciamiento ambiental riguroso, con el objetivo de asegurar precios bajos y una estabilidad en el suministro de gas natural. Al mismo tiempo, quiere ordenar el proceso de transición energética y aliviar el peso de las tarifas de luz. 
Para resolver la crisis energética en el Caribe, propone usar las regalías, que es la plata que pagan al Estado las empresas que explotan recursos naturales, para modernizar la infraestructura eléctrica —postes, transformadores y cables del sistema— para que la gente en la región no pague facturas astronómicas. Además, quiere promover un modelo de alianzas entre las comunidades, las empresas y el Estado para que las comunidades también sean socias de los grandes proyectos de energía y reciban ganancias directas.
El programa de López sobre exploración y producción de hidrocarburos no tiene los detalles suficientes para evaluar qué tan viable es. Su propuesta para enfrentar la crisis de la luz en el Caribe no es lo suficientemente detallada. Usar la plata de las regalías para pagar la modernización de postes, transformadores y cableado puede alivianar la carga que pagan las personas en el Caribe, pero no resuelve otros grandes problemas como las deudas acumuladas. Hacerlo, además, requeriría aclarar quién ejecutaría esa plata y definir un proceso de negociación con las estructuras políticas regionales que permita ajustar el Sistema General de Regalías, pues el presidente no puede decidir cómo se usan esos recursos."
"rs-021","cepeda","Salud","Media-baja","Media-baja","Alta","Misma receta de Petro para una salud en cuidados intensivos","Iván Cepeda parte de la base de que el Estado debe asumir un papel protagónico tanto en la financiación como en la organización del sistema de salud. El candidato no presenta una propuesta detallada, sino que habla de un plan de choque que incluye profundizar el giro que ha impulsado este Gobierno para acabar con la intermediación de las EPS, pagarles directamente a los hospitales, centralizar la compra de medicamentos priorizando la industria farmacéutica nacional para garantizar soberanía sanitaria y transitar a un modelo preventivo y territorial, que acompañe a las familias con equipos de atención primaria apoyados en tecnología y saberes ancestrales. 
La propuesta de Cepeda propone la misma receta que el actual Gobierno inventó y que ha profundizado la crisis en el sector. Es una receta que, en la práctica, pasa a un sistema en el que las personas están adscritas a centros de atención primaria en salud (CAP), que están cerca de su casa y son el primer punto de atención, aunque siguen afiliadas a una EPS. Eso diluye las responsabilidades porque los pacientes pueden no saber contra quién poner una tutela cuando no les dan el tratamiento que necesitan. Además, el modelo que el Gobierno impuso por decreto, saltándose al Congreso, les quita a los ciudadanos la libertad de elegir en qué EPS están, porque el Gobierno puede decidir a dónde los traslada. Esto puede implicar que se frenen tratamientos y se impongan más barreras administrativas a pacientes que necesitan atención especializada. Cepeda parte de la misma premisa de Petro, la de adjudicarles la crisis a las EPS que, aunque con fallas, durante años tuvieron que manejar el riesgo en salud y garantizar cada vez más atención sin recibir la plata suficiente por persona. 
Su plan de choque no explica cómo se garantizará la gestión integral del riesgo en salud, es decir, quién se hará cargo de organizar la atención, prever las enfermedades de la población y manejar de forma responsable los recursos. Tampoco deja claro de dónde saldrán los recursos para tapar el hueco que abrió este Gobierno cuando desvió alrededor de 4,2 billones de pesos anuales, que se iban a las EPS para aseguramiento, a financiar equipos básicos de salud y atención primaria sin rendición de cuentas."
"rs-022","espriella","Salud","Media-baja","Baja ","Media-baja","Privatización reforzada sin énfasis en lo público","Abelardo de la Espriella propone un plan de choque de noventa días para oxigenar la salud. Ese plan comienza con una inyección inicial de diez billones de pesos para pagar tratamientos represados y saldar deudas con hospitales y clínicas. Más allá del choque financiero, defiende abiertamente el papel de los privados: quiere fortalecer a las EPS que funcionan bien, sancionar o liquidar a las que han incumplido, y revertir los cambios normativos recientes para volver al modelo anterior.
La gran pregunta sobre su propuesta sigue siendo cómo y de dónde saldrán los diez billones de pesos que promete inyectar en tan poco tiempo en un país con una situación fiscal tan difícil. Liquidar la deuda total del sistema, estimada entre treinta y cincuenta billones, no parece viable con la plata que tiene el Estado hoy. Incluso si lograra mover una parte de la plata para pagar a EPS y hospitales, el efecto sería probablemente temporal, como pasó con el Acuerdo de Punto Final durante el gobierno de Iván Duque, que permitió pagarles a las EPS y hospitales con recursos de la nación y de entidades territoriales, pero no fue suficiente para sanear la deuda.
Al mismo tiempo, su propuesta no contempla convocar a todos los actores que tienen un papel en el sector para que se coordinen. Su propuesta de volver al modelo de salud anterior tampoco resuelve cómo lidiar con un contexto que ya cambió. Hoy las EPS están menos dispuestas a asumir riesgos de plata, las intervenidas tienen deudas enormes, y no hay una hoja de ruta clara para rescatarlas ni para renegociar las reglas del juego. Además, la propuesta no tiene un mecanismo transparente ni técnico para evaluar cuáles EPS son salvables y cuáles tocará liquidar o sancionar. 
Por otro lado, un “plan de choque” que no replantee de fondo cómo se calcula la plata que les gira el gobierno a las EPS por cada afiliado, de manera transparente y concertada con todos los actores, termina apoyándose en la misma arquitectura que ha llevado a una desfinanciación crónica del sistema."
"rs-023","valencia","Salud","Media","Media-baja","Media","Tecnocracia de emergencia con plata incierta","Paloma Valencia propone un mando fuerte desde la presidencia que vuelva al sistema mixto entre públicos y privados, para coordinar la recuperación a través de un Puesto de Mando Unificado en salud. También propone inyectar nueve billones de pesos al sistema para estabilizarlo. Su idea es resolver rápido los cuellos de botella que más siente la gente: destrabar las citas y procedimientos represados y la entrega de medicamentos. Para lograrlo, habla de centralizar la negociación de medicamentos prioritarios, para que el Estado logre que haya mejores precios y garantice la entrega. También incluye un componente de saneamiento de la deuda con EPS y hospitales a través de figuras como la titularización, que permite cubrir obligaciones acumuladas con la emisión de bonos respaldados por rentas futuras, y ajustar a partir de 2027 el valor que el Estado les gira a las EPS por persona, para así cerrar la brecha entre lo que cuesta realmente la atención y lo que reconoce el sistema. Además, propone ampliar y fortalecer los hospitales públicos y de alta complejidad en departamentos y distritos.
La propuesta de Valencia no termina de responder preguntas clave: ¿Cuál es la visión de largo plazo para el sistema? ¿Se hará una nueva reforma estructural? ¿Cómo se reconstruirá la confianza entre actores públicos y privados? Tampoco es claro de dónde saldrán los nueve billones de pesos que promete inyectar en un país con una situación fiscal tan difícil. El plan de resolver millones de atenciones represadas genera dudas sobre su operación: no está claro si el gobierno asumirá directamente la operación, si lo hará a través de operadores logísticos o si las EPS serán las encargadas de ejecutar. En el frente financiero, la titularización de deudas puede ser una herramienta útil, pero no el plan explica con qué respaldo se emitirían esos títulos, a qué plazos ni cómo se asegurará que la deuda sea realmente transparente en un sistema en el que hoy nadie tiene una idea única de a cuánto asciende ni de quién debe qué. 
Su propuesta de ampliar y fortalecer los hospitales públicos y de alta complejidad en departamentos y distritos no detalla si el país tiene la capacidad técnica o el talento humano para que esa expansión se traduzca en una mejor atención. Además, la propuesta de Valencia no tiene en cuenta que el problema con los medicamentos no es solo de plata, sino también de descoordinación entre los ministerios de Salud y Hacienda, el INVIMA y otras entidades, lo que lleva al desabastecimiento, a retrasos en los pagos y a más tutelas para acceder a medicamentos esenciales."
"rs-024","fajardo","Salud","Media-Alta","Media","Media-Alta","Reforma incremental basada en riesgos","Sergio Fajardo propone tres ejes estratégicos en su programa de salud. Primero, ordenar y estabilizar el sistema recalculando, a través de una autoridad independiente, el pago que reciben las EPS por persona y creando un impuesto a los vapeadores para invertir más plata en el sector. Segundo, hacer que la gente en regiones más apartadas reciba mejor atención con un modelo preventivo que combine EPS territoriales, medicina familiar y comunitaria, prevención de enfermedades crónicas y el refuerzo de servicios de salud mental. Tercero, quiere modernizar el sistema llevando telesalud a zonas apartadas, pagándole mejor y a tiempo a la gente que trabaja en salud y creando un sistema de información unificado que garantice, entre otras, que la plata se use de manera más eficiente. Esto incluye auditorías para las EPS e incluso crear una Agencia Nacional Anticorrupción en Salud. 
El programa de Fajardo deja preguntas abiertas, en especial sobre cómo se implementarán varias de sus propuestas. En la práctica, territorializar las EPS y construir redes integradas exige cambios profundos en la operación diaria, así como renegociar contratos y un esfuerzo grande de coordinación entre distintos niveles de gobierno. De igual forma, el fortalecimiento del personal de salud, con más residencias y mejores salarios, depende de recursos frescos y de acuerdos con universidades y hospitales universitarios, y el plan no termina de aclarar de dónde saldrá esa plata adicional de manera sostenible."
"rs-025","lopez","Salud","Media","Media","Media-baja","Sistema mixto con dudas sobre la plata","Claudia López propone un sistema mixto e integral de salud que combine entidades públicas y privadas. Uno de sus pilares es volver a un plan de beneficios explícito, con tablas de precios unificadas por el servicio, la región y el tipo de población, de manera que cada colombiano sepa qué cubre el sistema según su lugar de residencia. Dice que creará un fondo público para pagarles a los trabajadores de la salud y volver a atender a la gente en lugares donde el servicio hoy está paralizado por las deudas. López propone también articular el sistema de salud con un sistema de cuidado que alivie la carga que tienen las mujeres y además les reconozca su trabajo, y un sistema de información unificado y transparente que reduzca los trámites y las autorizaciones innecesarias. Además, propone hacer un gran estudio para saber cuánto cuesta realmente la salud en Colombia y cómo se está gastando la plata.
Su propuesta de hacer un plan de beneficios explícito con tablas de precios unificadas por servicio abre una duda jurídica difícil, porque la Corte podría verlo como un retroceso frente al modelo actual en el que, en teoría, todo está cubierto salvo lo excluido. Además, no explica cómo creará un sistema de información robusto antes de establecer las tablas de precios. No explica con qué plata se financiaría ni bajo qué condiciones operaría el fondo público de rescate, que busca ser un colchón para evitar quiebras en cadena y garantizar el pago al personal de salud. Tampoco explica de dónde saldrá la plata ni cuáles instituciones harán parte del Sistema Nacional de Cuidado."